[{"pk": 1, "model": "player.person", "fields": {"born": "1983-10-20", "first_name": "Francisco", "last_name": "Revilla", "gender": "M", "nationality": "Spanish"}}, {"pk": 2, "model": "player.person", "fields": {"born": null, "first_name": "Jacopo", "last_name": "Ghisolfi", "gender": "M", "nationality": "Italian"}}, {"pk": 3, "model": "player.person", "fields": {"born": null, "first_name": "Barbara", "last_name": "Garcia", "gender": "F", "nationality": "Argentina"}}, {"pk": 4, "model": "player.person", "fields": {"born": null, "first_name": "Marnie", "last_name": "Wills", "gender": "F", "nationality": ""}}, {"pk": 5, "model": "player.person", "fields": {"born": null, "first_name": "John", "last_name": "Hood", "gender": "M", "nationality": ""}}, {"pk": 6, "model": "player.person", "fields": {"born": null, "first_name": "Mike", "last_name": "Roa", "gender": "M", "nationality": ""}}, {"pk": 7, "model": "player.person", "fields": {"born": null, "first_name": "Peter", "last_name": "Lee", "gender": "M", "nationality": ""}}, {"pk": 8, "model": "player.person", "fields": {"born": null, "first_name": "Benita", "last_name": "Lee", "gender": "F", "nationality": ""}}, {"pk": 9, "model": "player.person", "fields": {"born": null, "first_name": "Oliver", "last_name": "Ward", "gender": "M", "nationality": ""}}, {"pk": 10, "model": "player.person", "fields": {"born": null, "first_name": "Mathew", "last_name": "Falloon", "gender": "M", "nationality": ""}}, {"pk": 11, "model": "player.person", "fields": {"born": null, "first_name": "Zhayne", "last_name": "Nel", "gender": "F", "nationality": ""}}, {"pk": 12, "model": "player.person", "fields": {"born": null, "first_name": "Shaun", "last_name": "Bengston", "gender": "M", "nationality": ""}}, {"pk": 13, "model": "player.person", "fields": {"born": null, "first_name": "Nathaniel", "last_name": "Turner", "gender": "M", "nationality": ""}}, {"pk": 14, "model": "player.person", "fields": {"born": null, "first_name": "Rena", "last_name": "Nelson", "gender": "F", "nationality": ""}}, {"pk": 15, "model": "player.person", "fields": {"born": null, "first_name": "Sharise", "last_name": "Wilkinson", "gender": "F", "nationality": ""}}, {"pk": 16, "model": "player.person", "fields": {"born": null, "first_name": "Catriona", "last_name": "Weird", "gender": "F", "nationality": ""}}, {"pk": 17, "model": "player.person", "fields": {"born": null, "first_name": "Peter", "last_name": "Walters", "gender": "M", "nationality": ""}}, {"pk": 18, "model": "player.person", "fields": {"born": null, "first_name": "Niki", "last_name": "Bird", "gender": "M", "nationality": ""}}, {"pk": 19, "model": "player.person", "fields": {"born": null, "first_name": "Bianca", "last_name": "Zietsman", "gender": "F", "nationality": ""}}, {"pk": 20, "model": "player.person", "fields": {"born": null, "first_name": "Tobin", "last_name": "McCloy", "gender": "M", "nationality": ""}}, {"pk": 21, "model": "player.person", "fields": {"born": null, "first_name": "Rachel", "last_name": "Stevens", "gender": "F", "nationality": ""}}, {"pk": 22, "model": "player.person", "fields": {"born": null, "first_name": "Tristan", "last_name": "Brooks", "gender": "M", "nationality": ""}}, {"pk": 23, "model": "player.person", "fields": {"born": null, "first_name": "Nick", "last_name": "Fraser", "gender": "M", "nationality": ""}}, {"pk": 24, "model": "player.person", "fields": {"born": null, "first_name": "David", "last_name": "Thornton", "gender": "M", "nationality": ""}}, {"pk": 25, "model": "player.person", "fields": {"born": null, "first_name": "Melody", "last_name": "Ravenscroft", "gender": "F", "nationality": ""}}, {"pk": 26, "model": "player.person", "fields": {"born": null, "first_name": "Adam", "last_name": "Jordan", "gender": "M", "nationality": ""}}, {"pk": 27, "model": "player.person", "fields": {"born": null, "first_name": "Lucy", "last_name": "Ferrin", "gender": "F", "nationality": ""}}, {"pk": 28, "model": "player.person", "fields": {"born": null, "first_name": "Richard", "last_name": "Perrio", "gender": "M", "nationality": ""}}, {"pk": 29, "model": "player.person", "fields": {"born": null, "first_name": "Iwan", "last_name": "Davies", "gender": "M", "nationality": ""}}, {"pk": 30, "model": "player.person", "fields": {"born": null, "first_name": "Michelle ", "last_name": "Cobcroft", "gender": "F", "nationality": ""}}, {"pk": 31, "model": "player.person", "fields": {"born": null, "first_name": "David", "last_name": "Cope", "gender": "M", "nationality": ""}}, {"pk": 32, "model": "player.person", "fields": {"born": null, "first_name": "Noel", "last_name": "Forde", "gender": "M", "nationality": ""}}, {"pk": 33, "model": "player.person", "fields": {"born": null, "first_name": "Adam", "last_name": "Reid", "gender": "M", "nationality": ""}}, {"pk": 34, "model": "player.person", "fields": {"born": null, "first_name": "Shea", "last_name": "Roffey", "gender": "M", "nationality": ""}}, {"pk": 35, "model": "player.person", "fields": {"born": null, "first_name": "Angela", "last_name": "Berniquet", "gender": "F", "nationality": ""}}, {"pk": 36, "model": "player.person", "fields": {"born": null, "first_name": "Alice", "last_name": "Watchorn", "gender": "F", "nationality": ""}}, {"pk": 37, "model": "player.person", "fields": {"born": null, "first_name": "Leigh", "last_name": "Wylie", "gender": "M", "nationality": ""}}, {"pk": 38, "model": "player.person", "fields": {"born": null, "first_name": "Ben", "last_name": "Stark", "gender": "M", "nationality": ""}}, {"pk": 39, "model": "player.person", "fields": {"born": null, "first_name": "Kiki", "last_name": "Tjia", "gender": "M", "nationality": ""}}, {"pk": 40, "model": "player.person", "fields": {"born": null, "first_name": "Tim", "last_name": "Osborne", "gender": "M", "nationality": ""}}, {"pk": 41, "model": "player.person", "fields": {"born": null, "first_name": "James", "last_name": "Robinson", "gender": "M", "nationality": ""}}, {"pk": 42, "model": "player.person", "fields": {"born": null, "first_name": "Romi", "last_name": "Mackiewicz", "gender": "M", "nationality": ""}}, {"pk": 43, "model": "player.person", "fields": {"born": null, "first_name": "SImon", "last_name": "Whitnall", "gender": "M", "nationality": ""}}, {"pk": 44, "model": "player.person", "fields": {"born": null, "first_name": "Gregg", "last_name": "Cropper", "gender": "M", "nationality": ""}}, {"pk": 45, "model": "player.person", "fields": {"born": null, "first_name": "Leanne", "last_name": "Simm", "gender": "F", "nationality": ""}}, {"pk": 46, "model": "player.person", "fields": {"born": null, "first_name": "Julie", "last_name": "Walker", "gender": "F", "nationality": ""}}, {"pk": 47, "model": "player.person", "fields": {"born": null, "first_name": "Zack", "last_name": "Romanu", "gender": "M", "nationality": ""}}, {"pk": 48, "model": "player.person", "fields": {"born": null, "first_name": "Sarah", "last_name": "Acheson", "gender": "F", "nationality": ""}}, {"pk": 49, "model": "player.person", "fields": {"born": null, "first_name": "Jonny", "last_name": "Acheson", "gender": "M", "nationality": ""}}, {"pk": 50, "model": "player.person", "fields": {"born": null, "first_name": "Gareth", "last_name": "Revell", "gender": "M", "nationality": ""}}, {"pk": 51, "model": "player.person", "fields": {"born": null, "first_name": "Chloe", "last_name": "Llewellyn", "gender": "F", "nationality": ""}}, {"pk": 52, "model": "player.person", "fields": {"born": null, "first_name": "Richard", "last_name": "Adamson", "gender": "M", "nationality": ""}}, {"pk": 53, "model": "player.person", "fields": {"born": null, "first_name": "Philip", "last_name": "Heselwood", "gender": "M", "nationality": ""}}, {"pk": 54, "model": "player.person", "fields": {"born": null, "first_name": "Pamela", "last_name": "Tomlinson", "gender": "F", "nationality": ""}}, {"pk": 55, "model": "player.person", "fields": {"born": null, "first_name": "Nina", "last_name": "Gulati", "gender": "F", "nationality": ""}}, {"pk": 56, "model": "player.person", "fields": {"born": null, "first_name": "John", "last_name": "Howells", "gender": "M", "nationality": ""}}, {"pk": 57, "model": "player.person", "fields": {"born": null, "first_name": "Duncan", "last_name": "Jeffery", "gender": "M", "nationality": ""}}, {"pk": 58, "model": "player.person", "fields": {"born": null, "first_name": "Nathan", "last_name": "Joyce", "gender": "M", "nationality": ""}}, {"pk": 59, "model": "player.person", "fields": {"born": null, "first_name": "Jen", "last_name": "Palmer", "gender": "F", "nationality": ""}}, {"pk": 60, "model": "player.person", "fields": {"born": null, "first_name": "Victoria", "last_name": "Stevens", "gender": "M", "nationality": ""}}, {"pk": 61, "model": "player.person", "fields": {"born": null, "first_name": "Byron", "last_name": "Tibbitts", "gender": "M", "nationality": ""}}, {"pk": 62, "model": "player.person", "fields": {"born": null, "first_name": "Michael", "last_name": "Waghorn", "gender": "M", "nationality": ""}}, {"pk": 63, "model": "player.person", "fields": {"born": null, "first_name": "Martin", "last_name": "Wright", "gender": "M", "nationality": ""}}, {"pk": 64, "model": "player.person", "fields": {"born": null, "first_name": "Anthea", "last_name": "Joyce", "gender": "F", "nationality": ""}}, {"pk": 65, "model": "player.person", "fields": {"born": null, "first_name": "Kevin", "last_name": "Platz", "gender": "M", "nationality": ""}}, {"pk": 66, "model": "player.person", "fields": {"born": null, "first_name": "Sam", "last_name": "Cutler", "gender": "M", "nationality": ""}}, {"pk": 67, "model": "player.person", "fields": {"born": null, "first_name": "Luke", "last_name": "Foster", "gender": "M", "nationality": ""}}, {"pk": 68, "model": "player.person", "fields": {"born": null, "first_name": "Toby", "last_name": "Williams", "gender": "M", "nationality": ""}}, {"pk": 69, "model": "player.person", "fields": {"born": null, "first_name": "Tom", "last_name": "Humphreys", "gender": "M", "nationality": ""}}, {"pk": 70, "model": "player.person", "fields": {"born": null, "first_name": "Zoe", "last_name": "Van Helmond", "gender": "F", "nationality": ""}}, {"pk": 71, "model": "player.person", "fields": {"born": null, "first_name": "Claire", "last_name": "Raisen", "gender": "F", "nationality": ""}}, {"pk": 72, "model": "player.person", "fields": {"born": null, "first_name": "Dan", "last_name": "Holland", "gender": "M", "nationality": ""}}, {"pk": 73, "model": "player.person", "fields": {"born": null, "first_name": "Katherine", "last_name": "Daniels", "gender": "F", "nationality": ""}}, {"pk": 74, "model": "player.person", "fields": {"born": null, "first_name": "Jon", "last_name": "Lovell", "gender": "M", "nationality": ""}}, {"pk": 75, "model": "player.person", "fields": {"born": null, "first_name": "Stiaan", "last_name": "Albertyn", "gender": "M", "nationality": ""}}, {"pk": 76, "model": "player.person", "fields": {"born": null, "first_name": "Dan", "last_name": "Mendis", "gender": "M", "nationality": ""}}, {"pk": 77, "model": "player.person", "fields": {"born": null, "first_name": "Will", "last_name": "Lawson", "gender": "M", "nationality": ""}}, {"pk": 78, "model": "player.person", "fields": {"born": null, "first_name": "Anna", "last_name": "Brezinova", "gender": "F", "nationality": ""}}, {"pk": 79, "model": "player.person", "fields": {"born": null, "first_name": "Kumba", "last_name": "Komba", "gender": "M", "nationality": ""}}, {"pk": 80, "model": "player.person", "fields": {"born": null, "first_name": "Lachlan", "last_name": "James", "gender": "M", "nationality": ""}}, {"pk": 81, "model": "player.person", "fields": {"born": null, "first_name": "Kellie", "last_name": "Lee-James", "gender": "F", "nationality": ""}}, {"pk": 82, "model": "player.person", "fields": {"born": null, "first_name": "Oli", "last_name": "Wheatley", "gender": "M", "nationality": ""}}, {"pk": 83, "model": "player.person", "fields": {"born": null, "first_name": "Ed", "last_name": "Rawe", "gender": "M", "nationality": ""}}, {"pk": 84, "model": "player.person", "fields": {"born": null, "first_name": "Emilie", "last_name": "Eve", "gender": "F", "nationality": ""}}, {"pk": 85, "model": "player.person", "fields": {"born": null, "first_name": "Ben", "last_name": "Powell", "gender": "M", "nationality": ""}}, {"pk": 86, "model": "player.person", "fields": {"born": null, "first_name": "Dougie", "last_name": "Benzi", "gender": "M", "nationality": ""}}, {"pk": 87, "model": "player.person", "fields": {"born": null, "first_name": "Stuart", "last_name": "Bussell", "gender": "M", "nationality": ""}}, {"pk": 88, "model": "player.person", "fields": {"born": null, "first_name": "Joanna", "last_name": "Cremin", "gender": "F", "nationality": ""}}, {"pk": 89, "model": "player.person", "fields": {"born": null, "first_name": "Melissa", "last_name": "Day", "gender": "F", "nationality": ""}}, {"pk": 90, "model": "player.person", "fields": {"born": null, "first_name": "Ruez", "last_name": "Durrani", "gender": "M", "nationality": ""}}, {"pk": 91, "model": "player.person", "fields": {"born": null, "first_name": "Alexandra", "last_name": "Staffurth", "gender": "F", "nationality": ""}}, {"pk": 92, "model": "player.person", "fields": {"born": null, "first_name": "Jenny", "last_name": "Young", "gender": "F", "nationality": ""}}, {"pk": 93, "model": "player.person", "fields": {"born": null, "first_name": "Katie", "last_name": "Anderson", "gender": "F", "nationality": ""}}, {"pk": 94, "model": "player.person", "fields": {"born": null, "first_name": "Jason", "last_name": "Logan", "gender": "M", "nationality": ""}}, {"pk": 95, "model": "player.person", "fields": {"born": null, "first_name": "Oliver", "last_name": "Ward", "gender": "M", "nationality": ""}}, {"pk": 96, "model": "player.person", "fields": {"born": null, "first_name": "Kurt", "last_name": "Schmidt", "gender": "M", "nationality": ""}}, {"pk": 97, "model": "player.person", "fields": {"born": null, "first_name": "Ben", "last_name": "Cutler", "gender": "M", "nationality": ""}}, {"pk": 98, "model": "player.person", "fields": {"born": null, "first_name": "Will", "last_name": "Serocold", "gender": "M", "nationality": ""}}, {"pk": 99, "model": "player.person", "fields": {"born": null, "first_name": "Ceire", "last_name": "Costelloe", "gender": "F", "nationality": ""}}, {"pk": 100, "model": "player.person", "fields": {"born": null, "first_name": "Joe", "last_name": "Hartley", "gender": "M", "nationality": ""}}, {"pk": 101, "model": "player.person", "fields": {"born": null, "first_name": "Barney", "last_name": "Hoskins", "gender": "M", "nationality": ""}}, {"pk": 102, "model": "player.person", "fields": {"born": null, "first_name": "Joelene", "last_name": "Hughes", "gender": "F", "nationality": ""}}, {"pk": 103, "model": "player.person", "fields": {"born": null, "first_name": "Amro", "last_name": "Karim", "gender": "M", "nationality": ""}}, {"pk": 104, "model": "player.person", "fields": {"born": null, "first_name": "Richard", "last_name": "King", "gender": "M", "nationality": ""}}, {"pk": 105, "model": "player.person", "fields": {"born": null, "first_name": "Samantha", "last_name": "Powles", "gender": "F", "nationality": ""}}, {"pk": 106, "model": "player.person", "fields": {"born": null, "first_name": "Alex", "last_name": "Roblin", "gender": "M", "nationality": ""}}, {"pk": 107, "model": "player.person", "fields": {"born": null, "first_name": "Claire", "last_name": "Rylance", "gender": "F", "nationality": ""}}, {"pk": 108, "model": "player.person", "fields": {"born": null, "first_name": "Henry", "last_name": "Stratford", "gender": "M", "nationality": ""}}, {"pk": 109, "model": "player.person", "fields": {"born": null, "first_name": "Jonathan", "last_name": "Trotman", "gender": "M", "nationality": ""}}, {"pk": 110, "model": "player.person", "fields": {"born": null, "first_name": "Natasha", "last_name": "Verniquet", "gender": "F", "nationality": ""}}, {"pk": 111, "model": "player.person", "fields": {"born": null, "first_name": "Abigail", "last_name": "Walters", "gender": "F", "nationality": ""}}, {"pk": 112, "model": "player.person", "fields": {"born": null, "first_name": "Nicky", "last_name": "Marsh", "gender": "M", "nationality": ""}}, {"pk": 113, "model": "player.person", "fields": {"born": null, "first_name": "Jane", "last_name": "Temple", "gender": "F", "nationality": ""}}, {"pk": 114, "model": "player.person", "fields": {"born": null, "first_name": "Lois", "last_name": "Lau", "gender": "F", "nationality": ""}}, {"pk": 115, "model": "player.person", "fields": {"born": null, "first_name": "Keisha", "last_name": "Mclean", "gender": "F", "nationality": ""}}, {"pk": 116, "model": "player.person", "fields": {"born": null, "first_name": "Natalie", "last_name": "Davis", "gender": "F", "nationality": ""}}, {"pk": 117, "model": "player.person", "fields": {"born": null, "first_name": "Claire", "last_name": "Traynor", "gender": "F", "nationality": ""}}, {"pk": 118, "model": "player.person", "fields": {"born": null, "first_name": "Danielle", "last_name": "Moreira", "gender": "M", "nationality": ""}}, {"pk": 119, "model": "player.person", "fields": {"born": null, "first_name": "Colin", "last_name": "Scot", "gender": "M", "nationality": ""}}, {"pk": 120, "model": "player.person", "fields": {"born": null, "first_name": "Sean", "last_name": "Lim", "gender": "M", "nationality": ""}}, {"pk": 121, "model": "player.person", "fields": {"born": null, "first_name": "Neil", "last_name": "Irving", "gender": "M", "nationality": ""}}, {"pk": 122, "model": "player.person", "fields": {"born": null, "first_name": "Grant", "last_name": "Evans", "gender": "M", "nationality": ""}}, {"pk": 123, "model": "player.person", "fields": {"born": null, "first_name": "Chris", "last_name": "Wall", "gender": "M", "nationality": ""}}, {"pk": 124, "model": "player.person", "fields": {"born": null, "first_name": "Daniel", "last_name": "Wines", "gender": "M", "nationality": ""}}, {"pk": 125, "model": "player.person", "fields": {"born": null, "first_name": "Paul", "last_name": "Cross", "gender": "M", "nationality": ""}}, {"pk": 126, "model": "player.person", "fields": {"born": null, "first_name": "Mathew", "last_name": "Bibey", "gender": "M", "nationality": ""}}, {"pk": 127, "model": "player.person", "fields": {"born": null, "first_name": "Paul", "last_name": "Clarkson", "gender": "M", "nationality": ""}}, {"pk": 128, "model": "player.person", "fields": {"born": null, "first_name": "Zoe", "last_name": "Eaton", "gender": "F", "nationality": ""}}, {"pk": 129, "model": "player.person", "fields": {"born": null, "first_name": "Abby", "last_name": "King", "gender": "F", "nationality": ""}}, {"pk": 130, "model": "player.person", "fields": {"born": null, "first_name": "Richard", "last_name": "Lawrence", "gender": "M", "nationality": ""}}, {"pk": 131, "model": "player.person", "fields": {"born": null, "first_name": "Roger", "last_name": "Neighbours", "gender": "M", "nationality": ""}}, {"pk": 132, "model": "player.person", "fields": {"born": null, "first_name": "Sarah", "last_name": "Vivians", "gender": "F", "nationality": ""}}, {"pk": 133, "model": "player.person", "fields": {"born": null, "first_name": "Sophie", "last_name": "Wilkinson", "gender": "F", "nationality": ""}}, {"pk": 134, "model": "player.person", "fields": {"born": null, "first_name": "Adam", "last_name": "Williams", "gender": "M", "nationality": ""}}, {"pk": 135, "model": "player.person", "fields": {"born": null, "first_name": "Simon", "last_name": "Williams", "gender": "M", "nationality": ""}}, {"pk": 136, "model": "player.person", "fields": {"born": null, "first_name": "Jonathan", "last_name": "Williams", "gender": "M", "nationality": ""}}, {"pk": 137, "model": "player.person", "fields": {"born": null, "first_name": "Guy", "last_name": "Griffiths", "gender": "M", "nationality": ""}}, {"pk": 138, "model": "player.person", "fields": {"born": null, "first_name": "Emily", "last_name": "Baird", "gender": "F", "nationality": ""}}, {"pk": 139, "model": "player.person", "fields": {"born": null, "first_name": "Rebekah", "last_name": "Fant", "gender": "F", "nationality": ""}}, {"pk": 140, "model": "player.person", "fields": {"born": null, "first_name": "Rihannon", "last_name": "Wade", "gender": "M", "nationality": ""}}, {"pk": 141, "model": "player.person", "fields": {"born": null, "first_name": "Colin", "last_name": "Anderson", "gender": "M", "nationality": ""}}, {"pk": 142, "model": "player.person", "fields": {"born": null, "first_name": "Derrick", "last_name": "Cant", "gender": "M", "nationality": ""}}, {"pk": 143, "model": "player.person", "fields": {"born": null, "first_name": "Hannah", "last_name": "Chrisp", "gender": "F", "nationality": ""}}, {"pk": 144, "model": "player.person", "fields": {"born": null, "first_name": "Clare", "last_name": "Gregor", "gender": "F", "nationality": ""}}, {"pk": 145, "model": "player.person", "fields": {"born": null, "first_name": "Clark", "last_name": "Hobson", "gender": "M", "nationality": ""}}, {"pk": 146, "model": "player.person", "fields": {"born": null, "first_name": "Claire", "last_name": "Hole", "gender": "F", "nationality": ""}}, {"pk": 147, "model": "player.person", "fields": {"born": null, "first_name": "Ryan", "last_name": "Miemczyk", "gender": "M", "nationality": ""}}, {"pk": 148, "model": "player.person", "fields": {"born": null, "first_name": "Melissa", "last_name": "Jones", "gender": "F", "nationality": ""}}, {"pk": 149, "model": "player.person", "fields": {"born": null, "first_name": "Amber", "last_name": "Penrith", "gender": "F", "nationality": ""}}, {"pk": 150, "model": "player.person", "fields": {"born": null, "first_name": "Jessica", "last_name": "Powell", "gender": "F", "nationality": ""}}, {"pk": 151, "model": "player.person", "fields": {"born": null, "first_name": "Luke", "last_name": "Profke", "gender": "M", "nationality": ""}}, {"pk": 152, "model": "player.person", "fields": {"born": null, "first_name": "Amy", "last_name": "Sutton", "gender": "F", "nationality": ""}}, {"pk": 153, "model": "player.person", "fields": {"born": null, "first_name": "Martyn", "last_name": "Seymour", "gender": "M", "nationality": ""}}, {"pk": 154, "model": "player.person", "fields": {"born": null, "first_name": "Calum", "last_name": "Anderson", "gender": "M", "nationality": ""}}, {"pk": 155, "model": "player.person", "fields": {"born": null, "first_name": "Michael", "last_name": "Short", "gender": "M", "nationality": ""}}, {"pk": 156, "model": "player.person", "fields": {"born": null, "first_name": "Edward", "last_name": "Sanjuan", "gender": "M", "nationality": ""}}, {"pk": 157, "model": "player.person", "fields": {"born": null, "first_name": "Ben", "last_name": "Smith", "gender": "M", "nationality": ""}}, {"pk": 158, "model": "player.person", "fields": {"born": null, "first_name": "Tracy", "last_name": "Andrews", "gender": "M", "nationality": ""}}, {"pk": 159, "model": "player.person", "fields": {"born": null, "first_name": "Kylie", "last_name": "Hutchison", "gender": "F", "nationality": ""}}, {"pk": 160, "model": "player.person", "fields": {"born": null, "first_name": "Michael", "last_name": "Stibbs", "gender": "M", "nationality": ""}}, {"pk": 161, "model": "player.person", "fields": {"born": null, "first_name": "Richard", "last_name": "Eccles", "gender": "M", "nationality": ""}}, {"pk": 162, "model": "player.person", "fields": {"born": null, "first_name": "Clinton", "last_name": "Rowling", "gender": "M", "nationality": ""}}, {"pk": 163, "model": "player.person", "fields": {"born": null, "first_name": "Daniel", "last_name": "Rowling", "gender": "M", "nationality": ""}}, {"pk": 164, "model": "player.person", "fields": {"born": null, "first_name": "Anna", "last_name": "Stibbs", "gender": "F", "nationality": ""}}, {"pk": 165, "model": "player.person", "fields": {"born": null, "first_name": "Justin", "last_name": "Conway", "gender": "M", "nationality": ""}}, {"pk": 166, "model": "player.person", "fields": {"born": null, "first_name": "Susan", "last_name": "Kidd", "gender": "F", "nationality": ""}}, {"pk": 167, "model": "player.person", "fields": {"born": null, "first_name": "Gareth", "last_name": "Mcrae", "gender": "M", "nationality": ""}}, {"pk": 168, "model": "player.person", "fields": {"born": null, "first_name": "Taryn", "last_name": "Pille", "gender": "M", "nationality": ""}}, {"pk": 169, "model": "player.person", "fields": {"born": null, "first_name": "Dom", "last_name": "Tripp", "gender": "M", "nationality": ""}}, {"pk": 170, "model": "player.person", "fields": {"born": null, "first_name": "Susannah", "last_name": "Hudson", "gender": "F", "nationality": ""}}, {"pk": 171, "model": "player.person", "fields": {"born": null, "first_name": "Carlie", "last_name": "Hoffman", "gender": "F", "nationality": ""}}, {"pk": 172, "model": "player.person", "fields": {"born": null, "first_name": "Nathan", "last_name": "Ashe", "gender": "M", "nationality": ""}}, {"pk": 173, "model": "player.person", "fields": {"born": null, "first_name": "Lana", "last_name": "Cole", "gender": "F", "nationality": ""}}, {"pk": 174, "model": "player.person", "fields": {"born": null, "first_name": "Crystal", "last_name": "Ravenscroft", "gender": "F", "nationality": ""}}, {"pk": 175, "model": "player.person", "fields": {"born": null, "first_name": "Shanon", "last_name": "Baker-Collins", "gender": "M", "nationality": ""}}, {"pk": 176, "model": "player.person", "fields": {"born": null, "first_name": "Mike", "last_name": "Berry", "gender": "M", "nationality": ""}}, {"pk": 177, "model": "player.person", "fields": {"born": null, "first_name": "George", "last_name": "Dyer", "gender": "M", "nationality": ""}}, {"pk": 178, "model": "player.person", "fields": {"born": null, "first_name": "Marcus", "last_name": "Leong", "gender": "M", "nationality": ""}}, {"pk": 179, "model": "player.person", "fields": {"born": null, "first_name": "Teariki", "last_name": "Mahuteariki", "gender": "M", "nationality": ""}}, {"pk": 180, "model": "player.person", "fields": {"born": null, "first_name": "Mathew", "last_name": "Webling", "gender": "M", "nationality": ""}}, {"pk": 181, "model": "player.person", "fields": {"born": null, "first_name": "Thomas", "last_name": "Devereux", "gender": "M", "nationality": ""}}, {"pk": 182, "model": "player.person", "fields": {"born": null, "first_name": "Nick", "last_name": "O'Brien", "gender": "M", "nationality": ""}}, {"pk": 183, "model": "player.person", "fields": {"born": null, "first_name": "Kallem", "last_name": "O'Sulivan", "gender": "M", "nationality": ""}}, {"pk": 184, "model": "player.person", "fields": {"born": null, "first_name": "Tanya", "last_name": "Wilson", "gender": "F", "nationality": ""}}, {"pk": 185, "model": "player.person", "fields": {"born": null, "first_name": "Linda", "last_name": "Tamakaha", "gender": "F", "nationality": ""}}, {"pk": 186, "model": "player.person", "fields": {"born": null, "first_name": "Rachael", "last_name": "Viles", "gender": "F", "nationality": ""}}, {"pk": 187, "model": "player.person", "fields": {"born": null, "first_name": "Leah", "last_name": "Cuthbertson", "gender": "F", "nationality": ""}}, {"pk": 188, "model": "player.person", "fields": {"born": null, "first_name": "Jose Luis", "last_name": "Dias", "gender": "M", "nationality": ""}}, {"pk": 189, "model": "player.person", "fields": {"born": null, "first_name": "Jason", "last_name": "Grace", "gender": "M", "nationality": ""}}, {"pk": 190, "model": "player.person", "fields": {"born": null, "first_name": "Shaun", "last_name": "Hopkins", "gender": "M", "nationality": ""}}, {"pk": 191, "model": "player.person", "fields": {"born": null, "first_name": "Lucy", "last_name": "Richardson", "gender": "F", "nationality": ""}}, {"pk": 192, "model": "player.person", "fields": {"born": null, "first_name": "Felix", "last_name": "Ten-Broeke", "gender": "M", "nationality": ""}}, {"pk": 193, "model": "player.person", "fields": {"born": null, "first_name": "Emilie", "last_name": "Euesden", "gender": "F", "nationality": ""}}, {"pk": 194, "model": "player.person", "fields": {"born": null, "first_name": "Yellie", "last_name": "Powley-Williams", "gender": "F", "nationality": ""}}, {"pk": 195, "model": "player.person", "fields": {"born": null, "first_name": "Katie", "last_name": "Phillips", "gender": "F", "nationality": ""}}, {"pk": 196, "model": "player.person", "fields": {"born": null, "first_name": "Sam", "last_name": "Jones", "gender": "M", "nationality": ""}}, {"pk": 197, "model": "player.person", "fields": {"born": null, "first_name": "Pete", "last_name": "Hurst", "gender": "M", "nationality": ""}}, {"pk": 198, "model": "player.person", "fields": {"born": null, "first_name": "Caroline", "last_name": "Murray", "gender": "F", "nationality": ""}}, {"pk": 199, "model": "player.person", "fields": {"born": null, "first_name": "James", "last_name": "Hodges", "gender": "M", "nationality": ""}}, {"pk": 200, "model": "player.person", "fields": {"born": null, "first_name": "Sam", "last_name": "Grant", "gender": "M", "nationality": ""}}, {"pk": 201, "model": "player.person", "fields": {"born": null, "first_name": "Joshua", "last_name": "Ingram", "gender": "M", "nationality": ""}}, {"pk": 202, "model": "player.person", "fields": {"born": null, "first_name": "Melanie", "last_name": "Ratchford", "gender": "F", "nationality": ""}}, {"pk": 203, "model": "player.person", "fields": {"born": null, "first_name": "Sara", "last_name": "Hatton", "gender": "F", "nationality": ""}}, {"pk": 204, "model": "player.person", "fields": {"born": null, "first_name": "Johanna", "last_name": "Edgerton", "gender": "F", "nationality": ""}}, {"pk": 205, "model": "player.person", "fields": {"born": null, "first_name": "Jordan", "last_name": "Melling", "gender": "M", "nationality": ""}}, {"pk": 206, "model": "player.person", "fields": {"born": null, "first_name": "Isabel", "last_name": "Kneale", "gender": "F", "nationality": ""}}, {"pk": 207, "model": "player.person", "fields": {"born": null, "first_name": "Jake", "last_name": "Melling", "gender": "M", "nationality": ""}}, {"pk": 208, "model": "player.person", "fields": {"born": null, "first_name": "Meghan", "last_name": "Clayton", "gender": "F", "nationality": ""}}, {"pk": 209, "model": "player.person", "fields": {"born": null, "first_name": "Emily", "last_name": "Veivers", "gender": "F", "nationality": ""}}, {"pk": 210, "model": "player.person", "fields": {"born": null, "first_name": "Jack", "last_name": "Fedigan", "gender": "M", "nationality": ""}}, {"pk": 211, "model": "player.person", "fields": {"born": null, "first_name": "Robert", "last_name": "Taylor", "gender": "M", "nationality": ""}}, {"pk": 212, "model": "player.person", "fields": {"born": null, "first_name": "Kathryn", "last_name": "Williams", "gender": "F", "nationality": ""}}, {"pk": 1, "model": "player.team", "fields": {"division": "MXO", "name": "Touch Berlin Red"}}, {"pk": 2, "model": "player.team", "fields": {"division": "MXO", "name": "Den Haag"}}, {"pk": 3, "model": "player.team", "fields": {"division": "MXO", "name": "Touch Berlin Black"}}, {"pk": 4, "model": "player.team", "fields": {"division": "MXO", "name": "Bandits"}}, {"pk": 5, "model": "player.team", "fields": {"division": "MXO", "name": "Frankfurt"}}, {"pk": 6, "model": "player.team", "fields": {"division": "MXO", "name": "Hot Custard"}}, {"pk": 7, "model": "player.team", "fields": {"division": "MXO", "name": "Oxford Touch"}}, {"pk": 8, "model": "player.team", "fields": {"division": "MXO", "name": "Nottingham Hoods"}}, {"pk": 9, "model": "player.team", "fields": {"division": "MXO", "name": "Phoenix Touch"}}, {"pk": 10, "model": "player.team", "fields": {"division": "MXO", "name": "Bareback Riders"}}, {"pk": 11, "model": "player.team", "fields": {"division": "MXO", "name": "Wigan Touch Warriors"}}, {"pk": 12, "model": "player.team", "fields": {"division": "MXO", "name": "CSSC Phantoms"}}, {"pk": 13, "model": "player.team", "fields": {"division": "MXO", "name": "Tumeke Sports"}}, {"pk": 14, "model": "player.team", "fields": {"division": "MXO", "name": "London Scorpions"}}, {"pk": 15, "model": "player.team", "fields": {"division": "MXO", "name": "Galaxy Knights\t"}}, {"pk": 16, "model": "player.team", "fields": {"division": "MXO", "name": "Thames Valley Vikings"}}, {"pk": 17, "model": "player.team", "fields": {"division": "MXO", "name": "Manchester Chargers"}}, {"pk": 18, "model": "player.team", "fields": {"division": "MXO", "name": "Cambridge Hornets"}}, {"pk": 19, "model": "player.team", "fields": {"division": "MXO", "name": "Durka Touch"}}, {"pk": 20, "model": "player.team", "fields": {"division": "MXO", "name": "Bristol Fijians"}}, {"pk": 21, "model": "player.team", "fields": {"division": "MXO", "name": "London Galaxy"}}, {"pk": 1, "model": "player.player", "fields": {"person": 4, "number": 6, "team": 21}}, {"pk": 2, "model": "player.player", "fields": {"person": 5, "number": 5, "team": 21}}, {"pk": 3, "model": "player.player", "fields": {"person": 6, "number": 13, "team": 21}}, {"pk": 4, "model": "player.player", "fields": {"person": 8, "number": 11, "team": 21}}, {"pk": 5, "model": "player.player", "fields": {"person": 9, "number": 99, "team": 21}}, {"pk": 6, "model": "player.player", "fields": {"person": 10, "number": 51, "team": 21}}, {"pk": 7, "model": "player.player", "fields": {"person": 11, "number": 12, "team": 21}}, {"pk": 8, "model": "player.player", "fields": {"person": 12, "number": 14, "team": 21}}, {"pk": 9, "model": "player.player", "fields": {"person": 13, "number": 52, "team": 21}}, {"pk": 10, "model": "player.player", "fields": {"person": 14, "number": 50, "team": 21}}, {"pk": 11, "model": "player.player", "fields": {"person": 15, "number": 16, "team": 21}}, {"pk": 12, "model": "player.player", "fields": {"person": 16, "number": 10, "team": 21}}, {"pk": 13, "model": "player.player", "fields": {"person": 17, "number": 1, "team": 21}}, {"pk": 14, "model": "player.player", "fields": {"person": 18, "number": 2, "team": 21}}, {"pk": 15, "model": "player.player", "fields": {"person": 29, "number": null, "team": 19}}, {"pk": 16, "model": "player.player", "fields": {"person": 28, "number": null, "team": 19}}, {"pk": 17, "model": "player.player", "fields": {"person": 27, "number": null, "team": 19}}, {"pk": 18, "model": "player.player", "fields": {"person": 26, "number": 2, "team": 19}}, {"pk": 19, "model": "player.player", "fields": {"person": 25, "number": null, "team": 19}}, {"pk": 20, "model": "player.player", "fields": {"person": 24, "number": null, "team": 19}}, {"pk": 21, "model": "player.player", "fields": {"person": 23, "number": 26, "team": 19}}, {"pk": 22, "model": "player.player", "fields": {"person": 22, "number": 13, "team": 19}}, {"pk": 23, "model": "player.player", "fields": {"person": 21, "number": 7, "team": 19}}, {"pk": 24, "model": "player.player", "fields": {"person": 20, "number": null, "team": 19}}, {"pk": 25, "model": "player.player", "fields": {"person": 19, "number": 3, "team": 19}}, {"pk": 26, "model": "player.player", "fields": {"person": 42, "number": 9, "team": 6}}, {"pk": 27, "model": "player.player", "fields": {"person": 41, "number": 22, "team": 6}}, {"pk": 28, "model": "player.player", "fields": {"person": 40, "number": 24, "team": 6}}, {"pk": 29, "model": "player.player", "fields": {"person": 39, "number": 18, "team": 6}}, {"pk": 30, "model": "player.player", "fields": {"person": 38, "number": 20, "team": 6}}, {"pk": 31, "model": "player.player", "fields": {"person": 37, "number": 5, "team": 6}}, {"pk": 32, "model": "player.player", "fields": {"person": 36, "number": 6, "team": 6}}, {"pk": 33, "model": "player.player", "fields": {"person": 35, "number": 10, "team": 6}}, {"pk": 34, "model": "player.player", "fields": {"person": 34, "number": 8, "team": 6}}, {"pk": 35, "model": "player.player", "fields": {"person": 33, "number": 15, "team": 6}}, {"pk": 36, "model": "player.player", "fields": {"person": 32, "number": 19, "team": 6}}, {"pk": 37, "model": "player.player", "fields": {"person": 31, "number": 11, "team": 6}}, {"pk": 38, "model": "player.player", "fields": {"person": 30, "number": 1, "team": 6}}, {"pk": 39, "model": "player.player", "fields": {"person": 54, "number": 54, "team": 17}}, {"pk": 40, "model": "player.player", "fields": {"person": 53, "number": 5, "team": 17}}, {"pk": 41, "model": "player.player", "fields": {"person": 51, "number": 57, "team": 17}}, {"pk": 42, "model": "player.player", "fields": {"person": 50, "number": 50, "team": 17}}, {"pk": 43, "model": "player.player", "fields": {"person": 49, "number": 45, "team": 17}}, {"pk": 44, "model": "player.player", "fields": {"person": 48, "number": 31, "team": 17}}, {"pk": 45, "model": "player.player", "fields": {"person": 47, "number": 19, "team": 17}}, {"pk": 46, "model": "player.player", "fields": {"person": 46, "number": 9, "team": 17}}, {"pk": 47, "model": "player.player", "fields": {"person": 45, "number": 8, "team": 17}}, {"pk": 48, "model": "player.player", "fields": {"person": 44, "number": 7, "team": 17}}, {"pk": 49, "model": "player.player", "fields": {"person": 43, "number": 6, "team": 17}}, {"pk": 50, "model": "player.player", "fields": {"person": 52, "number": 59, "team": 17}}, {"pk": 51, "model": "player.player", "fields": {"person": 70, "number": 8, "team": 20}}, {"pk": 52, "model": "player.player", "fields": {"person": 69, "number": 23, "team": 20}}, {"pk": 53, "model": "player.player", "fields": {"person": 68, "number": null, "team": 20}}, {"pk": 54, "model": "player.player", "fields": {"person": 67, "number": 13, "team": 20}}, {"pk": 55, "model": "player.player", "fields": {"person": 66, "number": 22, "team": 20}}, {"pk": 56, "model": "player.player", "fields": {"person": 65, "number": 21, "team": 20}}, {"pk": 57, "model": "player.player", "fields": {"person": 64, "number": 31, "team": 20}}, {"pk": 58, "model": "player.player", "fields": {"person": 63, "number": 11, "team": 20}}, {"pk": 59, "model": "player.player", "fields": {"person": 62, "number": 10, "team": 20}}, {"pk": 60, "model": "player.player", "fields": {"person": 61, "number": 12, "team": 20}}, {"pk": 61, "model": "player.player", "fields": {"person": 60, "number": 3, "team": 20}}, {"pk": 62, "model": "player.player", "fields": {"person": 59, "number": 5, "team": 20}}, {"pk": 63, "model": "player.player", "fields": {"person": 58, "number": 24, "team": 20}}, {"pk": 64, "model": "player.player", "fields": {"person": 57, "number": 19, "team": 20}}, {"pk": 65, "model": "player.player", "fields": {"person": 56, "number": 17, "team": 20}}, {"pk": 66, "model": "player.player", "fields": {"person": 55, "number": 1, "team": 20}}, {"pk": 67, "model": "player.player", "fields": {"person": 71, "number": 3, "team": 18}}, {"pk": 68, "model": "player.player", "fields": {"person": 72, "number": 12, "team": 18}}, {"pk": 69, "model": "player.player", "fields": {"person": 73, "number": 20, "team": 18}}, {"pk": 70, "model": "player.player", "fields": {"person": 74, "number": 28, "team": 18}}, {"pk": 71, "model": "player.player", "fields": {"person": 75, "number": 57, "team": 18}}, {"pk": 72, "model": "player.player", "fields": {"person": 76, "number": 10, "team": 18}}, {"pk": 73, "model": "player.player", "fields": {"person": 77, "number": 24, "team": 18}}, {"pk": 74, "model": "player.player", "fields": {"person": 78, "number": 21, "team": 18}}, {"pk": 75, "model": "player.player", "fields": {"person": 79, "number": 27, "team": 18}}, {"pk": 76, "model": "player.player", "fields": {"person": 80, "number": 74, "team": 18}}, {"pk": 77, "model": "player.player", "fields": {"person": 81, "number": null, "team": 18}}, {"pk": 78, "model": "player.player", "fields": {"person": 82, "number": 45, "team": 18}}, {"pk": 79, "model": "player.player", "fields": {"person": 83, "number": null, "team": 18}}, {"pk": 80, "model": "player.player", "fields": {"person": 84, "number": 13, "team": 18}}, {"pk": 81, "model": "player.player", "fields": {"person": 85, "number": 61, "team": 18}}, {"pk": 82, "model": "player.player", "fields": {"person": 86, "number": 28, "team": 15}}, {"pk": 83, "model": "player.player", "fields": {"person": 87, "number": 0, "team": 15}}, {"pk": 84, "model": "player.player", "fields": {"person": 88, "number": 6, "team": 15}}, {"pk": 85, "model": "player.player", "fields": {"person": 89, "number": 91, "team": 15}}, {"pk": 86, "model": "player.player", "fields": {"person": 90, "number": 33, "team": 15}}, {"pk": 87, "model": "player.player", "fields": {"person": 91, "number": 22, "team": 15}}, {"pk": 88, "model": "player.player", "fields": {"person": 92, "number": 8, "team": 15}}, {"pk": 89, "model": "player.player", "fields": {"person": 93, "number": 44, "team": 15}}, {"pk": 90, "model": "player.player", "fields": {"person": 94, "number": 25, "team": 15}}, {"pk": 91, "model": "player.player", "fields": {"person": 95, "number": 99, "team": 15}}, {"pk": 92, "model": "player.player", "fields": {"person": 96, "number": 32, "team": 15}}, {"pk": 93, "model": "player.player", "fields": {"person": 97, "number": 7, "team": 15}}, {"pk": 94, "model": "player.player", "fields": {"person": 98, "number": 26, "team": 15}}, {"pk": 95, "model": "player.player", "fields": {"person": 99, "number": 31, "team": 15}}, {"pk": 96, "model": "player.player", "fields": {"person": 100, "number": 9, "team": 7}}, {"pk": 97, "model": "player.player", "fields": {"person": 101, "number": 7, "team": 7}}, {"pk": 98, "model": "player.player", "fields": {"person": 102, "number": 16, "team": 7}}, {"pk": 99, "model": "player.player", "fields": {"person": 103, "number": 10, "team": 7}}, {"pk": 100, "model": "player.player", "fields": {"person": 104, "number": 4, "team": 7}}, {"pk": 101, "model": "player.player", "fields": {"person": 105, "number": null, "team": 7}}, {"pk": 102, "model": "player.player", "fields": {"person": 106, "number": 8, "team": 7}}, {"pk": 103, "model": "player.player", "fields": {"person": 107, "number": null, "team": 7}}, {"pk": 104, "model": "player.player", "fields": {"person": 108, "number": 20, "team": 7}}, {"pk": 105, "model": "player.player", "fields": {"person": 109, "number": 6, "team": 7}}, {"pk": 106, "model": "player.player", "fields": {"person": 110, "number": 15, "team": 7}}, {"pk": 107, "model": "player.player", "fields": {"person": 111, "number": 17, "team": 7}}, {"pk": 108, "model": "player.player", "fields": {"person": 112, "number": 1, "team": 12}}, {"pk": 109, "model": "player.player", "fields": {"person": 113, "number": 2, "team": 12}}, {"pk": 110, "model": "player.player", "fields": {"person": 114, "number": 3, "team": 12}}, {"pk": 111, "model": "player.player", "fields": {"person": 115, "number": 4, "team": 12}}, {"pk": 112, "model": "player.player", "fields": {"person": 116, "number": 5, "team": 12}}, {"pk": 113, "model": "player.player", "fields": {"person": 117, "number": 6, "team": 12}}, {"pk": 114, "model": "player.player", "fields": {"person": 118, "number": 8, "team": 12}}, {"pk": 115, "model": "player.player", "fields": {"person": 119, "number": 10, "team": 12}}, {"pk": 116, "model": "player.player", "fields": {"person": 120, "number": 11, "team": 12}}, {"pk": 117, "model": "player.player", "fields": {"person": 121, "number": 12, "team": 12}}, {"pk": 118, "model": "player.player", "fields": {"person": 122, "number": 13, "team": 12}}, {"pk": 119, "model": "player.player", "fields": {"person": 123, "number": 14, "team": 12}}, {"pk": 120, "model": "player.player", "fields": {"person": 124, "number": 16, "team": 18}}, {"pk": 121, "model": "player.player", "fields": {"person": 125, "number": 17, "team": 12}}, {"pk": 122, "model": "player.player", "fields": {"person": 126, "number": 17, "team": 9}}, {"pk": 123, "model": "player.player", "fields": {"person": 127, "number": 4, "team": 9}}, {"pk": 124, "model": "player.player", "fields": {"person": 128, "number": 23, "team": 9}}, {"pk": 125, "model": "player.player", "fields": {"person": 129, "number": 12, "team": 9}}, {"pk": 126, "model": "player.player", "fields": {"person": 130, "number": 44, "team": 9}}, {"pk": 127, "model": "player.player", "fields": {"person": 131, "number": 10, "team": 9}}, {"pk": 128, "model": "player.player", "fields": {"person": 132, "number": 9, "team": 9}}, {"pk": 129, "model": "player.player", "fields": {"person": 133, "number": 6, "team": 9}}, {"pk": 130, "model": "player.player", "fields": {"person": 134, "number": 5, "team": 9}}, {"pk": 131, "model": "player.player", "fields": {"person": 135, "number": 7, "team": 9}}, {"pk": 132, "model": "player.player", "fields": {"person": 136, "number": 18, "team": 9}}, {"pk": 133, "model": "player.player", "fields": {"person": 137, "number": 43, "team": 9}}, {"pk": 134, "model": "player.player", "fields": {"person": 138, "number": 13, "team": 9}}, {"pk": 135, "model": "player.player", "fields": {"person": 139, "number": 12, "team": 9}}, {"pk": 136, "model": "player.player", "fields": {"person": 140, "number": null, "team": 9}}, {"pk": 137, "model": "player.player", "fields": {"person": 141, "number": 11, "team": 10}}, {"pk": 138, "model": "player.player", "fields": {"person": 142, "number": 9, "team": 10}}, {"pk": 139, "model": "player.player", "fields": {"person": 143, "number": 9, "team": 10}}, {"pk": 140, "model": "player.player", "fields": {"person": 144, "number": 1, "team": 10}}, {"pk": 141, "model": "player.player", "fields": {"person": 145, "number": 4, "team": 10}}, {"pk": 142, "model": "player.player", "fields": {"person": 146, "number": 1, "team": 10}}, {"pk": 143, "model": "player.player", "fields": {"person": 147, "number": 13, "team": 10}}, {"pk": 144, "model": "player.player", "fields": {"person": 148, "number": 8, "team": 10}}, {"pk": 145, "model": "player.player", "fields": {"person": 149, "number": 11, "team": 10}}, {"pk": 146, "model": "player.player", "fields": {"person": 150, "number": 8, "team": 10}}, {"pk": 147, "model": "player.player", "fields": {"person": 151, "number": 7, "team": 10}}, {"pk": 148, "model": "player.player", "fields": {"person": 152, "number": null, "team": 10}}, {"pk": 149, "model": "player.player", "fields": {"person": 153, "number": null, "team": 10}}, {"pk": 150, "model": "player.player", "fields": {"person": 154, "number": null, "team": 10}}, {"pk": 151, "model": "player.player", "fields": {"person": 155, "number": 12, "team": 10}}, {"pk": 152, "model": "player.player", "fields": {"person": 156, "number": 6, "team": 10}}, {"pk": 153, "model": "player.player", "fields": {"person": 157, "number": 1, "team": 14}}, {"pk": 154, "model": "player.player", "fields": {"person": 158, "number": 3, "team": 14}}, {"pk": 155, "model": "player.player", "fields": {"person": 159, "number": 5, "team": 14}}, {"pk": 156, "model": "player.player", "fields": {"person": 160, "number": 5, "team": 14}}, {"pk": 157, "model": "player.player", "fields": {"person": 161, "number": 6, "team": 14}}, {"pk": 158, "model": "player.player", "fields": {"person": 162, "number": 7, "team": 14}}, {"pk": 159, "model": "player.player", "fields": {"person": 163, "number": 8, "team": 14}}, {"pk": 160, "model": "player.player", "fields": {"person": 164, "number": 9, "team": 14}}, {"pk": 161, "model": "player.player", "fields": {"person": 165, "number": 10, "team": 14}}, {"pk": 162, "model": "player.player", "fields": {"person": 166, "number": 11, "team": 14}}, {"pk": 163, "model": "player.player", "fields": {"person": 167, "number": 12, "team": 14}}, {"pk": 164, "model": "player.player", "fields": {"person": 168, "number": 13, "team": 14}}, {"pk": 165, "model": "player.player", "fields": {"person": 169, "number": 14, "team": 14}}, {"pk": 166, "model": "player.player", "fields": {"person": 170, "number": 15, "team": 14}}, {"pk": 167, "model": "player.player", "fields": {"person": 171, "number": 21, "team": 14}}, {"pk": 168, "model": "player.player", "fields": {"person": 172, "number": 69, "team": 13}}, {"pk": 169, "model": "player.player", "fields": {"person": 173, "number": 1, "team": 13}}, {"pk": 170, "model": "player.player", "fields": {"person": 174, "number": 9, "team": 13}}, {"pk": 171, "model": "player.player", "fields": {"person": 175, "number": 18, "team": 13}}, {"pk": 172, "model": "player.player", "fields": {"person": 176, "number": 17, "team": 13}}, {"pk": 174, "model": "player.player", "fields": {"person": 177, "number": 10, "team": 13}}, {"pk": 175, "model": "player.player", "fields": {"person": 178, "number": 15, "team": 13}}, {"pk": 176, "model": "player.player", "fields": {"person": 179, "number": 15, "team": 13}}, {"pk": 177, "model": "player.player", "fields": {"person": 180, "number": 30, "team": 13}}, {"pk": 178, "model": "player.player", "fields": {"person": 181, "number": 3, "team": 13}}, {"pk": 179, "model": "player.player", "fields": {"person": 182, "number": 99, "team": 13}}, {"pk": 180, "model": "player.player", "fields": {"person": 183, "number": 8, "team": 13}}, {"pk": 181, "model": "player.player", "fields": {"person": 184, "number": 114, "team": 13}}, {"pk": 182, "model": "player.player", "fields": {"person": 185, "number": 6, "team": 13}}, {"pk": 183, "model": "player.player", "fields": {"person": 186, "number": 12, "team": 13}}, {"pk": 184, "model": "player.player", "fields": {"person": 187, "number": 20, "team": 16}}, {"pk": 185, "model": "player.player", "fields": {"person": 188, "number": 11, "team": 16}}, {"pk": 186, "model": "player.player", "fields": {"person": 189, "number": 28, "team": 16}}, {"pk": 187, "model": "player.player", "fields": {"person": 190, "number": 50, "team": 16}}, {"pk": 188, "model": "player.player", "fields": {"person": 191, "number": 25, "team": 16}}, {"pk": 189, "model": "player.player", "fields": {"person": 192, "number": 8, "team": 16}}, {"pk": 190, "model": "player.player", "fields": {"person": 193, "number": 43, "team": 16}}, {"pk": 191, "model": "player.player", "fields": {"person": 194, "number": 38, "team": 16}}, {"pk": 192, "model": "player.player", "fields": {"person": 195, "number": 21, "team": 16}}, {"pk": 193, "model": "player.player", "fields": {"person": 196, "number": 48, "team": 16}}, {"pk": 194, "model": "player.player", "fields": {"person": 197, "number": 22, "team": 16}}, {"pk": 195, "model": "player.player", "fields": {"person": 198, "number": 24, "team": 16}}, {"pk": 196, "model": "player.player", "fields": {"person": 199, "number": 27, "team": 16}}, {"pk": 197, "model": "player.player", "fields": {"person": 200, "number": 1, "team": 11}}, {"pk": 198, "model": "player.player", "fields": {"person": 201, "number": 2, "team": 11}}, {"pk": 199, "model": "player.player", "fields": {"person": 202, "number": 3, "team": 11}}, {"pk": 200, "model": "player.player", "fields": {"person": 203, "number": 4, "team": 11}}, {"pk": 201, "model": "player.player", "fields": {"person": 204, "number": 5, "team": 11}}, {"pk": 202, "model": "player.player", "fields": {"person": 205, "number": 6, "team": 11}}, {"pk": 203, "model": "player.player", "fields": {"person": 206, "number": 12, "team": 11}}, {"pk": 204, "model": "player.player", "fields": {"person": 207, "number": 13, "team": 11}}, {"pk": 205, "model": "player.player", "fields": {"person": 208, "number": 14, "team": 11}}, {"pk": 206, "model": "player.player", "fields": {"person": 209, "number": 16, "team": 11}}, {"pk": 207, "model": "player.player", "fields": {"person": 210, "number": 18, "team": 11}}, {"pk": 208, "model": "player.player", "fields": {"person": 211, "number": 20, "team": 11}}, {"pk": 209, "model": "player.player", "fields": {"person": 212, "number": 7, "team": 11}}, {"pk": 1, "model": "player.tournament", "fields": {"division": "MXO", "name": "Capital Cup", "city": "Berlin", "country": "Germany", "teams": [1, 2, 3, 4, 5], "address": "Columbia Damm 111", "date": "2014-05-10"}}, {"pk": 2, "model": "player.tournament", "fields": {"division": "MXO", "name": "XBlades NTS 3 2014", "city": "Manchester", "country": "England", "teams": [6, 7, 8, 9, 10, 11, 12, 13, 14, 15, 16, 17, 18, 19, 20, 21], "address": "", "date": null}}, {"pk": 3, "model": "player.tournament", "fields": {"division": "MXO", "name": "XBlades NTS 4 2014", "city": "Oxford", "country": "England", "teams": [6, 7, 8, 9, 10, 11, 12, 13, 14, 15, 16, 17, 18, 19, 20, 21], "address": "", "date": null}}, {"pk": 1, "model": "player.gameround", "fields": {"category": "Gold", "number_teams": 4, "round": "Pool A"}}, {"pk": 2, "model": "player.gameround", "fields": {"category": "Gold", "number_teams": 4, "round": "Pool B"}}, {"pk": 3, "model": "player.gameround", "fields": {"category": "Gold", "number_teams": 4, "round": "Pool C"}}, {"pk": 4, "model": "player.gameround", "fields": {"category": "Gold", "number_teams": 4, "round": "Pool D"}}, {"pk": 5, "model": "player.gameround", "fields": {"category": "Gold", "number_teams": 2, "round": "1/4"}}, {"pk": 6, "model": "player.gameround", "fields": {"category": "Gold", "number_teams": 2, "round": "Semifinal"}}, {"pk": 7, "model": "player.gameround", "fields": {"category": "Gold", "number_teams": 2, "round": "Final"}}, {"pk": 8, "model": "player.gameround", "fields": {"category": "Silver", "number_teams": 2, "round": "Semifinal"}}, {"pk": 9, "model": "player.gameround", "fields": {"category": "Silver", "number_teams": 2, "round": "Final"}}, {"pk": 10, "model": "player.gameround", "fields": {"category": "Bronze", "number_teams": 2, "round": "1/4"}}, {"pk": 11, "model": "player.gameround", "fields": {"category": "Bronze", "number_teams": 2, "round": "Semifinal"}}, {"pk": 12, "model": "player.gameround", "fields": {"category": "Bronze", "number_teams": 2, "round": "Final"}}, {"pk": 13, "model": "player.gameround", "fields": {"category": "Wood", "number_teams": 2, "round": "Semifinal"}}, {"pk": 14, "model": "player.gameround", "fields": {"category": "Wood", "number_teams": 2, "round": "Final"}}, {"pk": 1, "model": "player.game", "fields": {"visitor": 2, "tournament": 1, "local": 1, "phase": 1, "local_score": 5, "visitor_score": 8}}, {"pk": 2, "model": "player.game", "fields": {"visitor": 4, "tournament": 1, "local": 1, "phase": 1, "local_score": 3, "visitor_score": 7}}, {"pk": 3, "model": "player.game", "fields": {"visitor": 5, "tournament": 1, "local": 1, "phase": 1, "local_score": 4, "visitor_score": 2}}, {"pk": 4, "model": "player.game", "fields": {"visitor": 7, "tournament": 2, "local": 6, "phase": 1, "local_score": 3, "visitor_score": 0}}, {"pk": 5, "model": "player.game", "fields": {"visitor": 9, "tournament": 2, "local": 8, "phase": 1, "local_score": 2, "visitor_score": 1}}, {"pk": 6, "model": "player.game", "fields": {"visitor": 9, "tournament": 2, "local": 6, "phase": 1, "local_score": 5, "visitor_score": 4}}, {"pk": 7, "model": "player.game", "fields": {"visitor": 8, "tournament": 2, "local": 7, "phase": 1, "local_score": 5, "visitor_score": 2}}, {"pk": 8, "model": "player.game", "fields": {"visitor": 8, "tournament": 2, "local": 6, "phase": 1, "local_score": 4, "visitor_score": 2}}, {"pk": 9, "model": "player.game", "fields": {"visitor": 7, "tournament": 2, "local": 9, "phase": 1, "local_score": 4, "visitor_score": 3}}, {"pk": 10, "model": "player.game", "fields": {"visitor": 11, "tournament": 2, "local": 10, "phase": 2, "local_score": 4, "visitor_score": 2}}, {"pk": 11, "model": "player.game", "fields": {"visitor": 12, "tournament": 2, "local": 13, "phase": 2, "local_score": 5, "visitor_score": 0}}, {"pk": 12, "model": "player.game", "fields": {"visitor": 13, "tournament": 2, "local": 10, "phase": 2, "local_score": 5, "visitor_score": 3}}, {"pk": 13, "model": "player.game", "fields": {"visitor": 12, "tournament": 2, "local": 11, "phase": 2, "local_score": 4, "visitor_score": 1}}, {"pk": 14, "model": "player.game", "fields": {"visitor": 12, "tournament": 2, "local": 10, "phase": 2, "local_score": 5, "visitor_score": 0}}, {"pk": 15, "model": "player.game", "fields": {"visitor": 11, "tournament": 2, "local": 13, "phase": 2, "local_score": 5, "visitor_score": 3}}, {"pk": 16, "model": "player.game", "fields": {"visitor": 16, "tournament": 2, "local": 14, "phase": 3, "local_score": 4, "visitor_score": 3}}, {"pk": 17, "model": "player.game", "fields": {"visitor": 17, "tournament": 2, "local": 15, "phase": 3, "local_score": 1, "visitor_score": 3}}, {"pk": 18, "model": "player.game", "fields": {"visitor": 17, "tournament": 2, "local": 14, "phase": 3, "local_score": 4, "visitor_score": 2}}, {"pk": 19, "model": "player.game", "fields": {"visitor": 15, "tournament": 2, "local": 16, "phase": 3, "local_score": 3, "visitor_score": 2}}, {"pk": 20, "model": "player.game", "fields": {"visitor": 15, "tournament": 2, "local": 14, "phase": 3, "local_score": 6, "visitor_score": 0}}, {"pk": 21, "model": "player.game", "fields": {"visitor": 16, "tournament": 2, "local": 17, "phase": 3, "local_score": 2, "visitor_score": 2}}, {"pk": 22, "model": "player.game", "fields": {"visitor": 20, "tournament": 2, "local": 18, "phase": 4, "local_score": 3, "visitor_score": 1}}, {"pk": 23, "model": "player.game", "fields": {"visitor": 21, "tournament": 2, "local": 19, "phase": 4, "local_score": 2, "visitor_score": 7}}, {"pk": 24, "model": "player.game", "fields": {"visitor": 21, "tournament": 2, "local": 18, "phase": 4, "local_score": 0, "visitor_score": 3}}, {"pk": 25, "model": "player.game", "fields": {"visitor": 19, "tournament": 2, "local": 20, "phase": 4, "local_score": 5, "visitor_score": 1}}, {"pk": 26, "model": "player.game", "fields": {"visitor": 19, "tournament": 2, "local": 18, "phase": 4, "local_score": 5, "visitor_score": 1}}, {"pk": 27, "model": "player.game", "fields": {"visitor": 20, "tournament": 2, "local": 21, "phase": 4, "local_score": 6, "visitor_score": 1}}, {"pk": 28, "model": "player.game", "fields": {"visitor": 13, "tournament": 2, "local": 6, "phase": 5, "local_score": 5, "visitor_score": 4}}, {"pk": 29, "model": "player.game", "fields": {"visitor": 9, "tournament": 2, "local": 10, "phase": 5, "local_score": 4, "visitor_score": 3}}, {"pk": 30, "model": "player.game", "fields": {"visitor": 18, "tournament": 2, "local": 14, "phase": 5, "local_score": 5, "visitor_score": 1}}, {"pk": 31, "model": "player.game", "fields": {"visitor": 16, "tournament": 2, "local": 21, "phase": 5, "local_score": 10, "visitor_score": 1}}, {"pk": 32, "model": "player.game", "fields": {"visitor": 14, "tournament": 2, "local": 6, "phase": 6, "local_score": 4, "visitor_score": 2}}, {"pk": 33, "model": "player.game", "fields": {"visitor": 21, "tournament": 2, "local": 10, "phase": 6, "local_score": 5, "visitor_score": 4}}, {"pk": 34, "model": "player.game", "fields": {"visitor": 10, "tournament": 2, "local": 6, "phase": 7, "local_score": 2, "visitor_score": 5}}, {"pk": 35, "model": "player.game", "fields": {"visitor": 18, "tournament": 2, "local": 13, "phase": 8, "local_score": 4, "visitor_score": 2}}, {"pk": 36, "model": "player.game", "fields": {"visitor": 16, "tournament": 2, "local": 9, "phase": 8, "local_score": 3, "visitor_score": 1}}, {"pk": 37, "model": "player.game", "fields": {"visitor": 9, "tournament": 2, "local": 13, "phase": 9, "local_score": 6, "visitor_score": 4}}, {"pk": 38, "model": "player.game", "fields": {"visitor": 12, "tournament": 2, "local": 7, "phase": 10, "local_score": 5, "visitor_score": 3}}, {"pk": 39, "model": "player.game", "fields": {"visitor": 8, "tournament": 2, "local": 11, "phase": 10, "local_score": 7, "visitor_score": 6}}, {"pk": 40, "model": "player.game", "fields": {"visitor": 19, "tournament": 2, "local": 17, "phase": 10, "local_score": 7, "visitor_score": 1}}, {"pk": 41, "model": "player.game", "fields": {"visitor": 15, "tournament": 2, "local": 20, "phase": 10, "local_score": 3, "visitor_score": 1}}, {"pk": 42, "model": "player.game", "fields": {"visitor": 17, "tournament": 2, "local": 7, "phase": 11, "local_score": 2, "visitor_score": 3}}, {"pk": 43, "model": "player.game", "fields": {"visitor": 20, "tournament": 2, "local": 11, "phase": 11, "local_score": 4, "visitor_score": 2}}, {"pk": 44, "model": "player.game", "fields": {"visitor": 11, "tournament": 2, "local": 17, "phase": 12, "local_score": 4, "visitor_score": 2}}, {"pk": 45, "model": "player.game", "fields": {"visitor": 19, "tournament": 2, "local": 12, "phase": 13, "local_score": 2, "visitor_score": 3}}, {"pk": 46, "model": "player.game", "fields": {"visitor": 15, "tournament": 2, "local": 8, "phase": 13, "local_score": 1, "visitor_score": 3}}, {"pk": 47, "model": "player.game", "fields": {"visitor": 15, "tournament": 2, "local": 19, "phase": 14, "local_score": 1, "visitor_score": 8}}, {"pk": 48, "model": "player.game", "fields": {"visitor": 16, "tournament": 3, "local": 10, "phase": 1, "local_score": 4, "visitor_score": 2}}, {"pk": 49, "model": "player.game", "fields": {"visitor": 18, "tournament": 3, "local": 19, "phase": 1, "local_score": 1, "visitor_score": 6}}, {"pk": 50, "model": "player.game", "fields": {"visitor": 18, "tournament": 3, "local": 10, "phase": 1, "local_score": 5, "visitor_score": 5}}, {"pk": 51, "model": "player.game", "fields": {"visitor": 19, "tournament": 3, "local": 16, "phase": 1, "local_score": 7, "visitor_score": 0}}, {"pk": 52, "model": "player.game", "fields": {"visitor": 19, "tournament": 3, "local": 10, "phase": 1, "local_score": 9, "visitor_score": 0}}, {"pk": 53, "model": "player.game", "fields": {"visitor": 16, "tournament": 3, "local": 18, "phase": 1, "local_score": 3, "visitor_score": 3}}, {"pk": 54, "model": "player.game", "fields": {"visitor": 20, "tournament": 3, "local": 14, "phase": 2, "local_score": 4, "visitor_score": 1}}, {"pk": 55, "model": "player.game", "fields": {"visitor": 8, "tournament": 3, "local": 17, "phase": 2, "local_score": 4, "visitor_score": 2}}, {"pk": 56, "model": "player.game", "fields": {"visitor": 17, "tournament": 3, "local": 14, "phase": 2, "local_score": 6, "visitor_score": 3}}, {"pk": 57, "model": "player.game", "fields": {"visitor": 8, "tournament": 3, "local": 20, "phase": 2, "local_score": 3, "visitor_score": 2}}, {"pk": 58, "model": "player.game", "fields": {"visitor": 8, "tournament": 3, "local": 14, "phase": 2, "local_score": 2, "visitor_score": 0}}, {"pk": 59, "model": "player.game", "fields": {"visitor": 20, "tournament": 3, "local": 17, "phase": 2, "local_score": 3, "visitor_score": 4}}, {"pk": 60, "model": "player.game", "fields": {"visitor": 7, "tournament": 3, "local": 21, "phase": 3, "local_score": 8, "visitor_score": 3}}, {"pk": 61, "model": "player.game", "fields": {"visitor": 9, "tournament": 3, "local": 12, "phase": 3, "local_score": 3, "visitor_score": 7}}, {"pk": 62, "model": "player.game", "fields": {"visitor": 9, "tournament": 3, "local": 21, "phase": 3, "local_score": 4, "visitor_score": 4}}, {"pk": 63, "model": "player.game", "fields": {"visitor": 7, "tournament": 3, "local": 9, "phase": 3, "local_score": 5, "visitor_score": 2}}, {"pk": 64, "model": "player.game", "fields": {"visitor": 12, "tournament": 3, "local": 21, "phase": 3, "local_score": 7, "visitor_score": 0}}, {"pk": 65, "model": "player.game", "fields": {"visitor": 11, "tournament": 3, "local": 6, "phase": 4, "local_score": 6, "visitor_score": 1}}, {"pk": 66, "model": "player.game", "fields": {"visitor": 13, "tournament": 3, "local": 15, "phase": 4, "local_score": 1, "visitor_score": 1}}, {"pk": 67, "model": "player.game", "fields": {"visitor": 13, "tournament": 3, "local": 6, "phase": 4, "local_score": 6, "visitor_score": 2}}, {"pk": 68, "model": "player.game", "fields": {"visitor": 15, "tournament": 3, "local": 11, "phase": 4, "local_score": 6, "visitor_score": 1}}, {"pk": 69, "model": "player.game", "fields": {"visitor": 15, "tournament": 3, "local": 6, "phase": 4, "local_score": 5, "visitor_score": 2}}, {"pk": 70, "model": "player.game", "fields": {"visitor": 11, "tournament": 3, "local": 13, "phase": 4, "local_score": 4, "visitor_score": 1}}, {"pk": 71, "model": "player.game", "fields": {"visitor": 20, "tournament": 3, "local": 10, "phase": 5, "local_score": 9, "visitor_score": 0}}, {"pk": 72, "model": "player.game", "fields": {"visitor": 18, "tournament": 3, "local": 14, "phase": 5, "local_score": 7, "visitor_score": 2}}, {"pk": 73, "model": "player.game", "fields": {"visitor": 13, "tournament": 3, "local": 21, "phase": 5, "local_score": 8, "visitor_score": 3}}, {"pk": 74, "model": "player.game", "fields": {"visitor": 9, "tournament": 3, "local": 6, "phase": 5, "local_score": 10, "visitor_score": 3}}, {"pk": 75, "model": "player.game", "fields": {"visitor": 21, "tournament": 3, "local": 10, "phase": 6, "local_score": 3, "visitor_score": 5}}, {"pk": 76, "model": "player.game", "fields": {"visitor": 6, "tournament": 3, "local": 14, "phase": 6, "local_score": 4, "visitor_score": 5}}, {"pk": 77, "model": "player.game", "fields": {"visitor": 13, "tournament": 3, "local": 20, "phase": 8, "local_score": 3, "visitor_score": 5}}, {"pk": 78, "model": "player.game", "fields": {"visitor": 9, "tournament": 3, "local": 18, "phase": 8, "local_score": 6, "visitor_score": 3}}, {"pk": 79, "model": "player.game", "fields": {"visitor": 6, "tournament": 3, "local": 21, "phase": 7, "local_score": 3, "visitor_score": 7}}, {"pk": 80, "model": "player.game", "fields": {"visitor": 18, "tournament": 3, "local": 13, "phase": 9, "local_score": 5, "visitor_score": 3}}, {"pk": 81, "model": "player.game", "fields": {"visitor": 8, "tournament": 3, "local": 16, "phase": 10, "local_score": 5, "visitor_score": 6}}, {"pk": 82, "model": "player.game", "fields": {"visitor": 19, "tournament": 3, "local": 17, "phase": 10, "local_score": 9, "visitor_score": 1}}, {"pk": 83, "model": "player.game", "fields": {"visitor": 15, "tournament": 3, "local": 7, "phase": 10, "local_score": 4, "visitor_score": 3}}, {"pk": 84, "model": "player.game", "fields": {"visitor": 12, "tournament": 3, "local": 11, "phase": 10, "local_score": 5, "visitor_score": 2}}, {"pk": 85, "model": "player.game", "fields": {"visitor": 7, "tournament": 3, "local": 8, "phase": 11, "local_score": 4, "visitor_score": 7}}, {"pk": 86, "model": "player.game", "fields": {"visitor": 11, "tournament": 3, "local": 17, "phase": 11, "local_score": 1, "visitor_score": 7}}, {"pk": 87, "model": "player.game", "fields": {"visitor": 15, "tournament": 3, "local": 16, "phase": 13, "local_score": 6, "visitor_score": 4}}, {"pk": 88, "model": "player.game", "fields": {"visitor": 12, "tournament": 3, "local": 19, "phase": 13, "local_score": 3, "visitor_score": 8}}, {"pk": 89, "model": "player.game", "fields": {"visitor": 11, "tournament": 3, "local": 7, "phase": 12, "local_score": 6, "visitor_score": 9}}, {"pk": 90, "model": "player.game", "fields": {"visitor": 12, "tournament": 3, "local": 16, "phase": 14, "local_score": 3, "visitor_score": 2}}, {"pk": 1, "model": "player.playerstadistic", "fields": {"assistances": 0, "player": 1, "game": 23, "points": 1}}, {"pk": 2, "model": "player.playerstadistic", "fields": {"assistances": 0, "player": 2, "game": 31, "points": 3}}, {"pk": 3, "model": "player.playerstadistic", "fields": {"assistances": 0, "player": 4, "game": 27, "points": 1}}, {"pk": 4, "model": "player.playerstadistic", "fields": {"assistances": 0, "player": 9, "game": 23, "points": 3}}, {"pk": 5, "model": "player.playerstadistic", "fields": {"assistances": 0, "player": 9, "game": 27, "points": 4}}, {"pk": 6, "model": "player.playerstadistic", "fields": {"assistances": 0, "player": 9, "game": 31, "points": 3}}, {"pk": 7, "model": "player.playerstadistic", "fields": {"assistances": 0, "player": 9, "game": 33, "points": 1}}, {"pk": 8, "model": "player.playerstadistic", "fields": {"assistances": 0, "player": 10, "game": 27, "points": 1}}, {"pk": 9, "model": "player.playerstadistic", "fields": {"assistances": 0, "player": 10, "game": 31, "points": 1}}, {"pk": 10, "model": "player.playerstadistic", "fields": {"assistances": 0, "player": 10, "game": 33, "points": 1}}, {"pk": 11, "model": "player.playerstadistic", "fields": {"assistances": 0, "player": 12, "game": 23, "points": 1}}, {"pk": 12, "model": "player.playerstadistic", "fields": {"assistances": 0, "player": 12, "game": 31, "points": 1}}, {"pk": 13, "model": "player.playerstadistic", "fields": {"assistances": 0, "player": 12, "game": 33, "points": 1}}, {"pk": 14, "model": "player.playerstadistic", "fields": {"assistances": 0, "player": 13, "game": 23, "points": 1}}, {"pk": 15, "model": "player.playerstadistic", "fields": {"assistances": 0, "player": 13, "game": 31, "points": 1}}, {"pk": 16, "model": "player.playerstadistic", "fields": {"assistances": 0, "player": 13, "game": 33, "points": 1}}, {"pk": 17, "model": "player.playerstadistic", "fields": {"assistances": 0, "player": 14, "game": 23, "points": 1}}, {"pk": 18, "model": "player.playerstadistic", "fields": {"assistances": 0, "player": 23, "game": 23, "points": 1}}, {"pk": 19, "model": "player.playerstadistic", "fields": {"assistances": 0, "player": 18, "game": 23, "points": 1}}, {"pk": 20, "model": "player.playerstadistic", "fields": {"assistances": 0, "player": 23, "game": 26, "points": 1}}, {"pk": 21, "model": "player.playerstadistic", "fields": {"assistances": 0, "player": 18, "game": 40, "points": 1}}, {"pk": 22, "model": "player.playerstadistic", "fields": {"assistances": 0, "player": 23, "game": 45, "points": 3}}, {"pk": 23, "model": "player.playerstadistic", "fields": {"assistances": 0, "player": 23, "game": 47, "points": 1}}, {"pk": 24, "model": "player.playerstadistic", "fields": {"assistances": 0, "player": 35, "game": 4, "points": 2}}, {"pk": 25, "model": "player.playerstadistic", "fields": {"assistances": 0, "player": 30, "game": 4, "points": 1}}, {"pk": 26, "model": "player.playerstadistic", "fields": {"assistances": 0, "player": 37, "game": 6, "points": 1}}, {"pk": 27, "model": "player.playerstadistic", "fields": {"assistances": 0, "player": 32, "game": 6, "points": 1}}, {"pk": 28, "model": "player.playerstadistic", "fields": {"assistances": 0, "player": 30, "game": 6, "points": 1}}, {"pk": 29, "model": "player.playerstadistic", "fields": {"assistances": 0, "player": 29, "game": 6, "points": 1}}, {"pk": 30, "model": "player.playerstadistic", "fields": {"assistances": 0, "player": 27, "game": 6, "points": 1}}, {"pk": 31, "model": "player.playerstadistic", "fields": {"assistances": 0, "player": 38, "game": 8, "points": 1}}, {"pk": 32, "model": "player.playerstadistic", "fields": {"assistances": 0, "player": 32, "game": 8, "points": 1}}, {"pk": 33, "model": "player.playerstadistic", "fields": {"assistances": 0, "player": 26, "game": 8, "points": 2}}, {"pk": 34, "model": "player.playerstadistic", "fields": {"assistances": 0, "player": 38, "game": 28, "points": 2}}, {"pk": 35, "model": "player.playerstadistic", "fields": {"assistances": 0, "player": 37, "game": 28, "points": 1}}, {"pk": 36, "model": "player.playerstadistic", "fields": {"assistances": 0, "player": 33, "game": 28, "points": 1}}, {"pk": 37, "model": "player.playerstadistic", "fields": {"assistances": 0, "player": 37, "game": 32, "points": 1}}, {"pk": 38, "model": "player.playerstadistic", "fields": {"assistances": 0, "player": 29, "game": 32, "points": 1}}, {"pk": 39, "model": "player.playerstadistic", "fields": {"assistances": 0, "player": 26, "game": 32, "points": 2}}, {"pk": 40, "model": "player.playerstadistic", "fields": {"assistances": 0, "player": 32, "game": 34, "points": 1}}, {"pk": 41, "model": "player.playerstadistic", "fields": {"assistances": 0, "player": 27, "game": 34, "points": 1}}, {"pk": 42, "model": "player.playerstadistic", "fields": {"assistances": 0, "player": 49, "game": 17, "points": 1}}, {"pk": 43, "model": "player.playerstadistic", "fields": {"assistances": 0, "player": 48, "game": 17, "points": 1}}, {"pk": 44, "model": "player.playerstadistic", "fields": {"assistances": 0, "player": 40, "game": 17, "points": 1}}, {"pk": 45, "model": "player.playerstadistic", "fields": {"assistances": 0, "player": 40, "game": 18, "points": 1}}, {"pk": 46, "model": "player.playerstadistic", "fields": {"assistances": 0, "player": 39, "game": 21, "points": 1}}, {"pk": 47, "model": "player.playerstadistic", "fields": {"assistances": 0, "player": 43, "game": 21, "points": 1}}, {"pk": 48, "model": "player.playerstadistic", "fields": {"assistances": 0, "player": 49, "game": 40, "points": 1}}, {"pk": 49, "model": "player.playerstadistic", "fields": {"assistances": 0, "player": 48, "game": 40, "points": 1}}, {"pk": 50, "model": "player.playerstadistic", "fields": {"assistances": 0, "player": 47, "game": 40, "points": 1}}, {"pk": 51, "model": "player.playerstadistic", "fields": {"assistances": 0, "player": 46, "game": 40, "points": 1}}, {"pk": 52, "model": "player.playerstadistic", "fields": {"assistances": 0, "player": 45, "game": 40, "points": 1}}, {"pk": 53, "model": "player.playerstadistic", "fields": {"assistances": 0, "player": 40, "game": 40, "points": 1}}, {"pk": 54, "model": "player.playerstadistic", "fields": {"assistances": 0, "player": 39, "game": 40, "points": 1}}, {"pk": 55, "model": "player.playerstadistic", "fields": {"assistances": 0, "player": 47, "game": 42, "points": 1}}, {"pk": 56, "model": "player.playerstadistic", "fields": {"assistances": 0, "player": 50, "game": 42, "points": 1}}, {"pk": 57, "model": "player.playerstadistic", "fields": {"assistances": 0, "player": 47, "game": 44, "points": 1}}, {"pk": 58, "model": "player.playerstadistic", "fields": {"assistances": 0, "player": 45, "game": 44, "points": 1}}, {"pk": 59, "model": "player.playerstadistic", "fields": {"assistances": 0, "player": 40, "game": 44, "points": 1}}, {"pk": 60, "model": "player.playerstadistic", "fields": {"assistances": 0, "player": 62, "game": 22, "points": 1}}, {"pk": 61, "model": "player.playerstadistic", "fields": {"assistances": 0, "player": 60, "game": 25, "points": 2}}, {"pk": 62, "model": "player.playerstadistic", "fields": {"assistances": 0, "player": 59, "game": 25, "points": 1}}, {"pk": 63, "model": "player.playerstadistic", "fields": {"assistances": 0, "player": 58, "game": 25, "points": 1}}, {"pk": 64, "model": "player.playerstadistic", "fields": {"assistances": 0, "player": 57, "game": 25, "points": 1}}, {"pk": 65, "model": "player.playerstadistic", "fields": {"assistances": 0, "player": 61, "game": 27, "points": 1}}, {"pk": 66, "model": "player.playerstadistic", "fields": {"assistances": 0, "player": 66, "game": 41, "points": 1}}, {"pk": 67, "model": "player.playerstadistic", "fields": {"assistances": 0, "player": 55, "game": 41, "points": 1}}, {"pk": 68, "model": "player.playerstadistic", "fields": {"assistances": 0, "player": 51, "game": 41, "points": 1}}, {"pk": 69, "model": "player.playerstadistic", "fields": {"assistances": 0, "player": 56, "game": 43, "points": 1}}, {"pk": 70, "model": "player.playerstadistic", "fields": {"assistances": 0, "player": 80, "game": 22, "points": 1}}, {"pk": 71, "model": "player.playerstadistic", "fields": {"assistances": 0, "player": 81, "game": 22, "points": 1}}, {"pk": 72, "model": "player.playerstadistic", "fields": {"assistances": 0, "player": 71, "game": 26, "points": 1}}, {"pk": 73, "model": "player.playerstadistic", "fields": {"assistances": 0, "player": 76, "game": 26, "points": 1}}, {"pk": 74, "model": "player.playerstadistic", "fields": {"assistances": 0, "player": 73, "game": 30, "points": 1}}, {"pk": 75, "model": "player.playerstadistic", "fields": {"assistances": 0, "player": 73, "game": 35, "points": 1}}, {"pk": 76, "model": "player.playerstadistic", "fields": {"assistances": 0, "player": 94, "game": 17, "points": 1}}, {"pk": 77, "model": "player.playerstadistic", "fields": {"assistances": 0, "player": 94, "game": 19, "points": 1}}, {"pk": 78, "model": "player.playerstadistic", "fields": {"assistances": 0, "player": 83, "game": 19, "points": 1}}, {"pk": 79, "model": "player.playerstadistic", "fields": {"assistances": 0, "player": 86, "game": 41, "points": 1}}, {"pk": 80, "model": "player.playerstadistic", "fields": {"assistances": 0, "player": 82, "game": 46, "points": 1}}, {"pk": 81, "model": "player.playerstadistic", "fields": {"assistances": 0, "player": 85, "game": 46, "points": 2}}, {"pk": 82, "model": "player.playerstadistic", "fields": {"assistances": 0, "player": 86, "game": 47, "points": 3}}, {"pk": 83, "model": "player.playerstadistic", "fields": {"assistances": 0, "player": 89, "game": 47, "points": 1}}, {"pk": 84, "model": "player.playerstadistic", "fields": {"assistances": 0, "player": 90, "game": 47, "points": 1}}, {"pk": 85, "model": "player.playerstadistic", "fields": {"assistances": 0, "player": 92, "game": 47, "points": 1}}, {"pk": 86, "model": "player.playerstadistic", "fields": {"assistances": 0, "player": 93, "game": 47, "points": 1}}, {"pk": 87, "model": "player.playerstadistic", "fields": {"assistances": 0, "player": 95, "game": 47, "points": 1}}, {"pk": 88, "model": "player.playerstadistic", "fields": {"assistances": 0, "player": 96, "game": 7, "points": 2}}, {"pk": 89, "model": "player.playerstadistic", "fields": {"assistances": 0, "player": 97, "game": 7, "points": 1}}, {"pk": 90, "model": "player.playerstadistic", "fields": {"assistances": 0, "player": 100, "game": 7, "points": 1}}, {"pk": 91, "model": "player.playerstadistic", "fields": {"assistances": 0, "player": 104, "game": 7, "points": 1}}, {"pk": 92, "model": "player.playerstadistic", "fields": {"assistances": 0, "player": 105, "game": 9, "points": 1}}, {"pk": 93, "model": "player.playerstadistic", "fields": {"assistances": 0, "player": 107, "game": 9, "points": 1}}, {"pk": 94, "model": "player.playerstadistic", "fields": {"assistances": 0, "player": 96, "game": 38, "points": 1}}, {"pk": 95, "model": "player.playerstadistic", "fields": {"assistances": 0, "player": 97, "game": 38, "points": 2}}, {"pk": 96, "model": "player.playerstadistic", "fields": {"assistances": 0, "player": 104, "game": 42, "points": 1}}, {"pk": 97, "model": "player.playerstadistic", "fields": {"assistances": 0, "player": 113, "game": 13, "points": 1}}, {"pk": 98, "model": "player.playerstadistic", "fields": {"assistances": 0, "player": 118, "game": 38, "points": 2}}, {"pk": 99, "model": "player.playerstadistic", "fields": {"assistances": 0, "player": 121, "game": 38, "points": 1}}, {"pk": 100, "model": "player.playerstadistic", "fields": {"assistances": 0, "player": 113, "game": 45, "points": 1}}, {"pk": 101, "model": "player.playerstadistic", "fields": {"assistances": 0, "player": 120, "game": 45, "points": 1}}, {"pk": 102, "model": "player.playerstadistic", "fields": {"assistances": 0, "player": 124, "game": 5, "points": 1}}, {"pk": 103, "model": "player.playerstadistic", "fields": {"assistances": 0, "player": 127, "game": 6, "points": 1}}, {"pk": 104, "model": "player.playerstadistic", "fields": {"assistances": 0, "player": 133, "game": 6, "points": 1}}, {"pk": 105, "model": "player.playerstadistic", "fields": {"assistances": 0, "player": 134, "game": 6, "points": 1}}, {"pk": 106, "model": "player.playerstadistic", "fields": {"assistances": 0, "player": 127, "game": 9, "points": 1}}, {"pk": 107, "model": "player.playerstadistic", "fields": {"assistances": 0, "player": 132, "game": 9, "points": 1}}, {"pk": 108, "model": "player.playerstadistic", "fields": {"assistances": 0, "player": 133, "game": 9, "points": 2}}, {"pk": 109, "model": "player.playerstadistic", "fields": {"assistances": 0, "player": 124, "game": 29, "points": 1}}, {"pk": 110, "model": "player.playerstadistic", "fields": {"assistances": 0, "player": 132, "game": 29, "points": 1}}, {"pk": 111, "model": "player.playerstadistic", "fields": {"assistances": 0, "player": 133, "game": 29, "points": 1}}, {"pk": 112, "model": "player.playerstadistic", "fields": {"assistances": 0, "player": 122, "game": 36, "points": 1}}, {"pk": 113, "model": "player.playerstadistic", "fields": {"assistances": 0, "player": 126, "game": 36, "points": 1}}, {"pk": 114, "model": "player.playerstadistic", "fields": {"assistances": 0, "player": 128, "game": 36, "points": 1}}, {"pk": 115, "model": "player.playerstadistic", "fields": {"assistances": 0, "player": 124, "game": 37, "points": 1}}, {"pk": 116, "model": "player.playerstadistic", "fields": {"assistances": 0, "player": 132, "game": 37, "points": 1}}, {"pk": 117, "model": "player.playerstadistic", "fields": {"assistances": 0, "player": 133, "game": 37, "points": 1}}, {"pk": 118, "model": "player.playerstadistic", "fields": {"assistances": 0, "player": 134, "game": 37, "points": 1}}, {"pk": 119, "model": "player.playerstadistic", "fields": {"assistances": 0, "player": 138, "game": 10, "points": 1}}, {"pk": 120, "model": "player.playerstadistic", "fields": {"assistances": 0, "player": 139, "game": 10, "points": 1}}, {"pk": 121, "model": "player.playerstadistic", "fields": {"assistances": 0, "player": 152, "game": 10, "points": 1}}, {"pk": 122, "model": "player.playerstadistic", "fields": {"assistances": 0, "player": 140, "game": 12, "points": 2}}, {"pk": 123, "model": "player.playerstadistic", "fields": {"assistances": 0, "player": 142, "game": 12, "points": 2}}, {"pk": 124, "model": "player.playerstadistic", "fields": {"assistances": 0, "player": 143, "game": 12, "points": 1}}, {"pk": 125, "model": "player.playerstadistic", "fields": {"assistances": 0, "player": 151, "game": 12, "points": 1}}, {"pk": 126, "model": "player.playerstadistic", "fields": {"assistances": 0, "player": 137, "game": 14, "points": 1}}, {"pk": 127, "model": "player.playerstadistic", "fields": {"assistances": 0, "player": 140, "game": 14, "points": 1}}, {"pk": 128, "model": "player.playerstadistic", "fields": {"assistances": 0, "player": 141, "game": 14, "points": 1}}, {"pk": 129, "model": "player.playerstadistic", "fields": {"assistances": 0, "player": 145, "game": 14, "points": 1}}, {"pk": 130, "model": "player.playerstadistic", "fields": {"assistances": 0, "player": 142, "game": 12, "points": 1}}, {"pk": 131, "model": "player.playerstadistic", "fields": {"assistances": 0, "player": 140, "game": 29, "points": 1}}, {"pk": 132, "model": "player.playerstadistic", "fields": {"assistances": 0, "player": 142, "game": 29, "points": 1}}, {"pk": 133, "model": "player.playerstadistic", "fields": {"assistances": 0, "player": 151, "game": 29, "points": 1}}, {"pk": 134, "model": "player.playerstadistic", "fields": {"assistances": 0, "player": 138, "game": 33, "points": 1}}, {"pk": 135, "model": "player.playerstadistic", "fields": {"assistances": 0, "player": 139, "game": 33, "points": 1}}, {"pk": 136, "model": "player.playerstadistic", "fields": {"assistances": 0, "player": 140, "game": 33, "points": 1}}, {"pk": 137, "model": "player.playerstadistic", "fields": {"assistances": 0, "player": 142, "game": 33, "points": 1}}, {"pk": 138, "model": "player.playerstadistic", "fields": {"assistances": 0, "player": 144, "game": 33, "points": 1}}, {"pk": 139, "model": "player.playerstadistic", "fields": {"assistances": 0, "player": 146, "game": 33, "points": 1}}, {"pk": 140, "model": "player.playerstadistic", "fields": {"assistances": 0, "player": 138, "game": 34, "points": 1}}, {"pk": 141, "model": "player.playerstadistic", "fields": {"assistances": 0, "player": 139, "game": 34, "points": 1}}, {"pk": 142, "model": "player.playerstadistic", "fields": {"assistances": 0, "player": 151, "game": 34, "points": 2}}, {"pk": 143, "model": "player.playerstadistic", "fields": {"assistances": 0, "player": 155, "game": 16, "points": 1}}, {"pk": 144, "model": "player.playerstadistic", "fields": {"assistances": 0, "player": 156, "game": 16, "points": 1}}, {"pk": 145, "model": "player.playerstadistic", "fields": {"assistances": 0, "player": 162, "game": 16, "points": 2}}, {"pk": 146, "model": "player.playerstadistic", "fields": {"assistances": 0, "player": 163, "game": 16, "points": 1}}, {"pk": 147, "model": "player.playerstadistic", "fields": {"assistances": 0, "player": 153, "game": 18, "points": 1}}, {"pk": 148, "model": "player.playerstadistic", "fields": {"assistances": 0, "player": 161, "game": 18, "points": 1}}, {"pk": 149, "model": "player.playerstadistic", "fields": {"assistances": 0, "player": 162, "game": 18, "points": 1}}, {"pk": 150, "model": "player.playerstadistic", "fields": {"assistances": 0, "player": 166, "game": 18, "points": 1}}, {"pk": 151, "model": "player.playerstadistic", "fields": {"assistances": 0, "player": 153, "game": 20, "points": 1}}, {"pk": 152, "model": "player.playerstadistic", "fields": {"assistances": 0, "player": 154, "game": 20, "points": 1}}, {"pk": 153, "model": "player.playerstadistic", "fields": {"assistances": 0, "player": 160, "game": 20, "points": 1}}, {"pk": 154, "model": "player.playerstadistic", "fields": {"assistances": 0, "player": 163, "game": 20, "points": 1}}, {"pk": 155, "model": "player.playerstadistic", "fields": {"assistances": 0, "player": 165, "game": 20, "points": 2}}, {"pk": 156, "model": "player.playerstadistic", "fields": {"assistances": 0, "player": 153, "game": 30, "points": 1}}, {"pk": 157, "model": "player.playerstadistic", "fields": {"assistances": 0, "player": 154, "game": 30, "points": 1}}, {"pk": 158, "model": "player.playerstadistic", "fields": {"assistances": 0, "player": 155, "game": 30, "points": 1}}, {"pk": 159, "model": "player.playerstadistic", "fields": {"assistances": 0, "player": 156, "game": 30, "points": 1}}, {"pk": 160, "model": "player.playerstadistic", "fields": {"assistances": 0, "player": 157, "game": 30, "points": 1}}, {"pk": 161, "model": "player.playerstadistic", "fields": {"assistances": 0, "player": 165, "game": 30, "points": 1}}, {"pk": 162, "model": "player.playerstadistic", "fields": {"assistances": 0, "player": 154, "game": 32, "points": 1}}, {"pk": 163, "model": "player.playerstadistic", "fields": {"assistances": 0, "player": 162, "game": 32, "points": 1}}, {"pk": 164, "model": "player.playerstadistic", "fields": {"assistances": 0, "player": 169, "game": 11, "points": 1}}, {"pk": 165, "model": "player.playerstadistic", "fields": {"assistances": 0, "player": 170, "game": 11, "points": 1}}, {"pk": 166, "model": "player.playerstadistic", "fields": {"assistances": 0, "player": 174, "game": 11, "points": 1}}, {"pk": 167, "model": "player.playerstadistic", "fields": {"assistances": 0, "player": 177, "game": 11, "points": 1}}, {"pk": 168, "model": "player.playerstadistic", "fields": {"assistances": 0, "player": 168, "game": 12, "points": 1}}, {"pk": 169, "model": "player.playerstadistic", "fields": {"assistances": 0, "player": 182, "game": 12, "points": 1}}, {"pk": 170, "model": "player.playerstadistic", "fields": {"assistances": 0, "player": 168, "game": 15, "points": 4}}, {"pk": 171, "model": "player.playerstadistic", "fields": {"assistances": 0, "player": 169, "game": 15, "points": 1}}, {"pk": 172, "model": "player.playerstadistic", "fields": {"assistances": 0, "player": 172, "game": 28, "points": 1}}, {"pk": 173, "model": "player.playerstadistic", "fields": {"assistances": 0, "player": 177, "game": 28, "points": 1}}, {"pk": 174, "model": "player.playerstadistic", "fields": {"assistances": 0, "player": 176, "game": 35, "points": 2}}, {"pk": 175, "model": "player.playerstadistic", "fields": {"assistances": 0, "player": 170, "game": 37, "points": 2}}, {"pk": 176, "model": "player.playerstadistic", "fields": {"assistances": 0, "player": 171, "game": 37, "points": 1}}, {"pk": 177, "model": "player.playerstadistic", "fields": {"assistances": 0, "player": 172, "game": 37, "points": 2}}, {"pk": 178, "model": "player.playerstadistic", "fields": {"assistances": 0, "player": 183, "game": 37, "points": 1}}, {"pk": 179, "model": "player.playerstadistic", "fields": {"assistances": 0, "player": 193, "game": 16, "points": 3}}, {"pk": 180, "model": "player.playerstadistic", "fields": {"assistances": 0, "player": 188, "game": 19, "points": 1}}, {"pk": 181, "model": "player.playerstadistic", "fields": {"assistances": 0, "player": 193, "game": 19, "points": 1}}, {"pk": 182, "model": "player.playerstadistic", "fields": {"assistances": 0, "player": 184, "game": 21, "points": 1}}, {"pk": 183, "model": "player.playerstadistic", "fields": {"assistances": 0, "player": 190, "game": 31, "points": 1}}, {"pk": 184, "model": "player.playerstadistic", "fields": {"assistances": 0, "player": 187, "game": 36, "points": 1}}, {"pk": 185, "model": "player.playerstadistic", "fields": {"assistances": 0, "player": 197, "game": 10, "points": 1}}, {"pk": 186, "model": "player.playerstadistic", "fields": {"assistances": 0, "player": 207, "game": 10, "points": 1}}, {"pk": 187, "model": "player.playerstadistic", "fields": {"assistances": 0, "player": 197, "game": 13, "points": 2}}, {"pk": 188, "model": "player.playerstadistic", "fields": {"assistances": 0, "player": 204, "game": 13, "points": 1}}, {"pk": 189, "model": "player.playerstadistic", "fields": {"assistances": 0, "player": 207, "game": 13, "points": 1}}, {"pk": 190, "model": "player.playerstadistic", "fields": {"assistances": 0, "player": 199, "game": 15, "points": 1}}, {"pk": 191, "model": "player.playerstadistic", "fields": {"assistances": 0, "player": 201, "game": 15, "points": 1}}, {"pk": 192, "model": "player.playerstadistic", "fields": {"assistances": 0, "player": 203, "game": 15, "points": 1}}, {"pk": 193, "model": "player.playerstadistic", "fields": {"assistances": 0, "player": 197, "game": 39, "points": 2}}, {"pk": 194, "model": "player.playerstadistic", "fields": {"assistances": 0, "player": 200, "game": 39, "points": 1}}, {"pk": 195, "model": "player.playerstadistic", "fields": {"assistances": 0, "player": 201, "game": 39, "points": 1}}, {"pk": 196, "model": "player.playerstadistic", "fields": {"assistances": 0, "player": 206, "game": 39, "points": 1}}, {"pk": 197, "model": "player.playerstadistic", "fields": {"assistances": 0, "player": 207, "game": 39, "points": 1}}, {"pk": 198, "model": "player.playerstadistic", "fields": {"assistances": 0, "player": 208, "game": 39, "points": 1}}, {"pk": 199, "model": "player.playerstadistic", "fields": {"assistances": 0, "player": 197, "game": 43, "points": 2}}, {"pk": 200, "model": "player.playerstadistic", "fields": {"assistances": 0, "player": 204, "game": 43, "points": 1}}, {"pk": 201, "model": "player.playerstadistic", "fields": {"assistances": 0, "player": 204, "game": 44, "points": 1}}, {"pk": 202, "model": "player.playerstadistic", "fields": {"assistances": 0, "player": 206, "game": 44, "points": 1}}]